"","Round_Centre_Code","FSU_Serial_No","Round","Sch_No","Sample","Sector","State_Region","District","Stratum","Sub_Stratum_No","Filler_1","Sub_Round","Sub_Sample","FOD_Sub_Region","Hamlet_Group_Sub_Block_No","Second_Stage_Stratum_No","Sample_Hhld_No","Level","Filler_2","HH_Size","NIC_2008","NCO_2004","HH_Type","Religion","Social_Group","Land_Owned","Land_Possessed","Land_Cultivated","NREG_Job_Card","No_NREG_Card","Saving_Bank_Held_by_any_member","Spl_characters_for_OK_stamp","Blank","NSS","NSC","MLT","NSS_SR","NSC_SR","MLT_SR","Household_Type","State","District_code","Multiplier_comb"
"1","001","72707","68","100","1","1",194,12,"12","01","0","1","2","1912","1","1","01","02","00000",5,"47510","241","2","2","9",290,290,230,"2","","","","",2,4,139289,1,1,278579,"12","19","1912",696.445
"2","001","72707","68","100","1","1",194,12,"12","01","0","1","2","1912","1","1","02","02","00000",4,"85102","331","3","1","9",40,40,NA,"2","","","","",2,4,139289,1,1,278579,"13","19","1912",696.445
"3","001","72707","68","100","1","1",194,12,"12","01","0","1","2","1912","1","2","01","02","00000",3,"41002","931","5","2","9",20,20,NA,"1","1","1","","",2,4,376081,1,1,752162,"15","19","1912",1880.405
"4","001","72707","68","100","1","1",194,12,"12","01","0","1","2","1912","1","2","02","02","00000",4,"41002","931","5","1","2",10,10,NA,"1","1","1","","",2,4,376081,1,1,752162,"15","19","1912",1880.405
"5","001","72707","68","100","1","1",194,12,"12","01","0","1","2","1912","1","2","03","02","00000",2,"41002","931","5","1","2",20,20,NA,"2","","","","",2,4,376081,1,1,752162,"15","19","1912",1880.405
"6","001","72707","68","100","1","1",194,12,"12","01","0","1","2","1912","1","2","04","02","00000",9,"85212","334","3","1","2",390,390,270,"2","","","","",2,4,376081,1,1,752162,"13","19","1912",1880.405
"7","001","72707","68","100","1","1",194,12,"12","01","0","1","2","1912","1","3","01","02","00000",4,"01122","920","4","1","2",10,10,NA,"2","","","","",2,4,2326131,1,1,4652262,"14","19","1912",11630.655
"8","001","72707","68","100","1","1",194,12,"12","01","0","1","2","1912","1","3","02","02","00000",4,"01122","920","4","1","2",20,20,NA,"2","","","","",2,4,2326131,1,1,4652262,"14","19","1912",11630.655
"9","001","72704","68","100","1","1",194,12,"12","02","0","1","1","1912","1","1","01","02","00000",5,"01122","611","1","2","9",930,930,810,"2","","","","",2,4,204727,1,1,409453,"11","19","1912",1023.635
"10","001","72704","68","100","1","1",194,12,"12","02","0","1","1","1912","1","2","01","02","00000",3,"85102","331","3","2","9",540,40,NA,"2","","","","",2,4,20473,1,1,40945,"13","19","1912",102.365
"11","001","72704","68","100","1","1",194,12,"12","02","0","1","1","1912","1","2","02","02","00000",7,"56101","241","2","1","9",490,490,470,"1","2","1","","",2,4,20473,1,1,40945,"12","19","1912",102.365
"12","001","72704","68","100","1","1",194,12,"12","02","0","1","1","1912","1","3","01","02","00000",4,"01122","920","4","2","9",50,50,NA,"1","1","2","","",2,4,1719703,1,1,3439405,"14","19","1912",8598.515
"13","001","72704","68","100","1","1",194,12,"12","02","0","1","1","1912","2","1","01","02","00000",4,"85212","233","3","1","2",290,290,270,"2","","","","",2,4,95539,1,1,191078,"13","19","1912",477.695
"14","001","72704","68","100","1","1",194,12,"12","02","0","1","1","1912","2","1","02","02","00000",6,"01122","611","1","1","9",870,870,690,"2","","","","",2,4,95539,1,1,191078,"11","19","1912",477.695
"15","001","72704","68","100","1","1",194,12,"12","02","0","1","1","1912","2","1","03","02","00000",3,"01122","611","1","1","9",30,280,280,"2","","","","",2,4,95539,1,1,191078,"11","19","1912",477.695
"16","001","72704","68","100","1","1",194,12,"12","02","0","1","1","1912","2","3","01","02","00000",6,"01122","611","1","1","9",200,460,400,"1","1","1","","",2,4,3726022,1,1,7452045,"11","19","1912",18630.11
"17","001","72701","68","100","1","1",194,12,"12","03","0","1","2","1912","1","1","01","02","00000",4,"85212","232","3","1","3",101,101,81,"2","","","","",2,4,125861,1,1,251722,"13","19","1912",629.305
"18","001","72701","68","100","1","1",194,12,"12","03","0","1","2","1912","1","2","01","02","00000",3,"47214","522","2","1","3",49,49,40,"2","","","","",2,4,113275,1,1,226550,"12","19","1912",566.375
"19","001","72701","68","100","1","1",194,12,"12","03","0","1","2","1912","1","2","02","02","00000",4,"47211","522","2","1","3",49,49,11,"2","","","","",2,4,113275,1,1,226550,"12","19","1912",566.375
"20","001","72701","68","100","1","1",194,12,"12","03","0","1","2","1912","1","3","01","02","00000",1,"","","9","1","3",4,4,NA,"2","","","","",2,4,1724296,1,1,3448593,"19","19","1912",8621.48
"21","001","72701","68","100","1","1",194,12,"12","03","0","1","2","1912","2","1","01","02","00000",3,"01124","920","4","1","3",6,6,NA,"1","2","1","","",2,4,377583,1,1,755166,"14","19","1912",1887.915
"22","001","72701","68","100","1","1",194,12,"12","03","0","1","2","1912","2","2","01","02","00000",4,"47211","522","2","1","3",13,13,NA,"2","","","","",2,4,245429,1,1,490858,"12","19","1912",1227.145
"23","001","72701","68","100","1","1",194,12,"12","03","0","1","2","1912","2","2","02","02","00000",2,"56210","512","3","1","3",6,6,NA,"2","","","","",2,4,245429,1,1,490858,"13","19","1912",1227.145
"24","001","72701","68","100","1","1",194,12,"12","03","0","1","2","1912","2","3","01","02","00000",2,"01124","920","4","1","3",13,13,NA,"1","1","1","","",2,4,3549282,1,1,7098563,"14","19","1912",17746.41
"25","001","72702","68","100","1","1",194,12,"12","04","0","1","1","1912","1","1","01","02","00000",4,"","","9","1","9",595,60,NA,"2","","","","",2,4,63430,1,1,126860,"19","19","1912",317.15
"26","001","72702","68","100","1","1",194,12,"12","04","0","1","1","1912","1","2","01","02","00000",3,"32111","723","5","1","3",73,6,NA,"1","1","1","","",2,4,42287,1,1,84573,"15","19","1912",211.435
"27","001","72702","68","100","1","1",194,12,"12","04","0","1","1","1912","1","2","02","02","00000",7,"49232","933","5","1","1",3,3,NA,"2","","","","",2,4,42287,1,1,84573,"15","19","1912",211.435
"28","001","72702","68","100","1","1",194,12,"12","04","0","1","1","1912","1","3","01","02","00000",6,"01124","611","1","1","9",810,810,801,"1","1","1","","",2,4,1511744,1,1,3023488,"11","19","1912",7558.72
"29","001","72702","68","100","1","1",194,12,"12","04","0","1","1","1912","2","1","01","02","00000",4,"47211","121","2","1","9",6,6,NA,"1","2","1","","",2,4,380579,1,1,761158,"12","19","1912",1902.895
"30","001","72702","68","100","1","1",194,12,"12","04","0","1","1","1912","2","2","01","02","00000",5,"56210","121","2","1","2",6,6,NA,"1","1","1","","",2,4,253719,1,1,507439,"12","19","1912",1268.595
"31","001","72702","68","100","1","1",194,12,"12","04","0","1","1","1912","2","2","02","02","00000",5,"41001","931","5","1","2",6,6,NA,"2","","","","",2,4,253719,1,1,507439,"15","19","1912",1268.595
"32","001","72702","68","100","1","1",194,12,"12","04","0","1","1","1912","2","3","01","02","00000",4,"01124","920","4","1","2",6,6,NA,"1","2","1","","",2,4,4482374,1,1,8964748,"14","19","1912",22411.87
"33","001","72706","68","100","1","1",194,12,"12","05","0","1","2","1912","1","1","01","02","00000",4,"85212","334","3","1","9",210,210,210,"2","","","","",2,4,68726,1,1,137452,"13","19","1912",343.63
"34","001","72706","68","100","1","1",194,12,"12","05","0","1","2","1912","1","2","01","02","00000",6,"47211","241","2","1","9",340,340,270,"2","","","","",2,4,6873,1,1,13745,"12","19","1912",34.365
"35","001","72706","68","100","1","1",194,12,"12","05","0","1","2","1912","1","2","02","02","00000",3,"47211","241","2","1","9",260,260,220,"2","","","","",2,4,6873,1,1,13745,"12","19","1912",34.365
"36","001","72706","68","100","1","1",194,12,"12","05","0","1","2","1912","1","2","03","02","00000",3,"85102","233","3","1","1",860,860,NA,"2","","","","",2,4,6873,1,1,13745,"13","19","1912",34.365
"37","001","72706","68","100","1","1",194,12,"12","05","0","1","2","1912","1","3","01","02","00000",3,"01122","920","4","1","2",50,50,30,"1","1","1","","",2,4,927798,1,1,1855596,"14","19","1912",4638.99
"38","001","72706","68","100","1","1",194,12,"12","05","0","1","2","1912","2","1","01","02","00000",7,"01122","611","1","1","9",820,820,790,"2","","","","",2,4,288648,1,1,577297,"11","19","1912",1443.24
"39","001","72706","68","100","1","1",194,12,"12","05","0","1","2","1912","2","2","01","02","00000",5,"47211","241","2","1","9",280,280,240,"2","","","","",2,4,48108,1,1,96216,"12","19","1912",240.54
"40","001","72706","68","100","1","1",194,12,"12","05","0","1","2","1912","2","3","01","02","00000",7,"01122","920","4","1","9",71,71,60,"2","","","","",2,4,4762698,1,1,9525395,"14","19","1912",23813.49
"41","001","72705","68","100","1","1",194,12,"12","06","0","1","1","1912","1","1","01","02","00000",8,"01124","611","1","2","9",715,715,688,"2","","","","",2,4,50386,1,1,100771,"11","19","1912",251.93
"42","001","72705","68","100","1","1",194,12,"12","06","0","1","1","1912","1","2","01","02","00000",6,"13992","121","2","2","9",147,147,105,"2","","","","",2,4,98252,1,1,196504,"12","19","1912",491.26
"43","001","72705","68","100","1","1",194,12,"12","06","0","1","1","1912","1","2","02","02","00000",7,"32111","723","5","2","9",12,12,NA,"2","","","","",2,4,98252,1,1,196504,"15","19","1912",491.26
"44","001","72705","68","100","1","1",194,12,"12","06","0","1","1","1912","1","3","01","02","00000",3,"01124","920","4","2","9",26,26,NA,"2","","","","",2,4,297275,1,1,594549,"14","19","1912",1486.375
"45","001","72705","68","100","1","1",194,12,"12","06","0","1","1","1912","2","1","01","02","00000",8,"94910","246","2","1","9",8,169,161,"2","","","","",2,4,272082,1,1,544164,"12","19","1912",1360.41
"46","001","72705","68","100","1","1",194,12,"12","06","0","1","1","1912","2","2","01","02","00000",5,"","","9","1","2",48,8,NA,"1","1","1","","",2,4,793572,1,1,1587145,"19","19","1912",3967.86
"47","001","72705","68","100","1","1",194,12,"12","06","0","1","1","1912","2","2","02","02","00000",3,"95291","121","2","1","2",10,10,NA,"1","2","1","","",2,4,793572,1,1,1587145,"12","19","1912",3967.86
"48","001","72705","68","100","1","1",194,12,"12","06","0","1","1","1912","2","3","01","02","00000",3,"01124","920","4","1","2",35,35,NA,"1","1","2","","",2,4,2992901,1,1,5985803,"14","19","1912",14964.505
"49","001","72703","68","100","1","1",194,12,"12","07","0","1","2","1912","1","1","01","02","00000",6,"84111","411","3","1","9",13,13,NA,"2","","","","",2,4,23328,1,1,46655,"13","19","1912",116.64
"50","001","72703","68","100","1","1",194,12,"12","07","0","1","2","1912","1","2","01","02","00000",4,"24311","821","3","1","9",2,2,NA,"2","","","","",2,4,172041,1,1,344081,"13","19","1912",860.205
"51","001","72703","68","100","1","1",194,12,"12","07","0","1","2","1912","1","2","02","02","00000",4,"47711","522","2","1","9",10,10,NA,"2","","","","",2,4,172041,1,1,344081,"12","19","1912",860.205
"52","001","72703","68","100","1","1",194,12,"12","07","0","1","2","1912","1","3","01","02","00000",5,"01124","611","1","1","9",261,261,253,"2","","","","",2,4,122470,1,1,244939,"11","19","1912",612.35
"53","001","72703","68","100","1","1",194,12,"12","07","0","1","2","1912","2","1","01","02","00000",7,"84230","345","3","1","9",26,26,NA,"2","","","","",2,4,466551,1,1,933101,"13","19","1912",2332.755
"54","001","72703","68","100","1","1",194,12,"12","07","0","1","2","1912","2","2","01","02","00000",5,"47212","522","2","1","9",20,20,NA,"1","1","1","","",2,4,2216116,1,1,4432231,"12","19","1912",11080.58
"55","001","72703","68","100","1","1",194,12,"12","07","0","1","2","1912","2","2","02","02","00000",4,"10734","121","2","1","3",26,26,NA,"2","","","","",2,4,2216116,1,1,4432231,"12","19","1912",11080.58
"56","001","72703","68","100","1","1",194,12,"12","07","0","1","2","1912","2","3","01","02","00000",3,"01124","920","4","1","9",6,6,NA,"2","","","","",2,4,1446307,1,1,2892614,"14","19","1912",7231.535
"57","001","72414","68","100","1","1",194,12,"12","01","0","2","1","1912","1","1","01","02","00000",16,"01124","611","1","1","3",2204,2204,2144,"1","3","1","","",2,4,237872,1,1,475744,"11","19","1912",1189.36
"58","001","72414","68","100","1","1",194,12,"12","01","0","2","1","1912","1","1","02","02","00000",6,"01124","611","1","1","3",2003,2003,1770,"2","","","","",2,4,237872,1,1,475744,"11","19","1912",1189.36
"59","001","72414","68","100","1","1",194,12,"12","01","0","2","1","1912","1","2","01","02","00000",4,"47213","522","2","1","2",20,20,NA,"1","1","1","","",2,4,178404,1,1,356808,"12","19","1912",892.02
"60","001","72414","68","100","1","1",194,12,"12","01","0","2","1","1912","1","2","02","02","00000",4,"49232","933","2","1","1",4,4,NA,"1","1","1","","",2,4,178404,1,1,356808,"12","19","1912",892.02
"61","001","72414","68","100","1","1",194,12,"12","01","0","2","1","1912","1","2","03","02","00000",2,"23921","411","3","1","3",8,8,NA,"2","","","","",2,4,178404,1,1,356808,"13","19","1912",892.02
"62","001","72414","68","100","1","1",194,12,"12","01","0","2","1","1912","1","2","04","02","00000",2,"31001","121","2","1","3",6,6,NA,"1","1","1","","",2,4,178404,1,1,356808,"12","19","1912",892.02
"63","001","72414","68","100","1","1",194,12,"12","01","0","2","1","1912","1","3","01","02","00000",3,"01124","611","1","1","3",415,415,402,"1","1","1","","",2,4,2354930,1,1,4709861,"11","19","1912",11774.65
"64","001","72414","68","100","1","1",194,12,"12","01","0","2","1","1912","1","3","02","02","00000",2,"01124","920","4","1","1",5,5,NA,"1","1","1","","",2,4,2354930,1,1,4709861,"14","19","1912",11774.65
"65","001","72411","68","100","1","1",194,12,"12","02","0","2","2","1912","1","1","01","02","00000",4,"84111","419","3","1","9",87,87,67,"2","","","","",2,4,211040,1,1,422079,"13","19","1912",1055.2
"66","001","72411","68","100","1","1",194,12,"12","02","0","2","2","1912","1","2","01","02","00000",3,"32120","121","2","1","9",67,67,54,"1","1","2","","",2,4,295456,1,1,590911,"12","19","1912",1477.28
"67","001","72411","68","100","1","1",194,12,"12","02","0","2","2","1912","1","2","02","02","00000",6,"47213","522","2","1","2",2,2,NA,"1","1","2","","",2,4,295456,1,1,590911,"12","19","1912",1477.28
"68","001","72411","68","100","1","1",194,12,"12","02","0","2","2","1912","1","3","01","02","00000",4,"01124","611","1","1","9",348,348,335,"1","1","2","","",2,4,1308446,1,1,2616892,"11","19","1912",6542.23
"69","001","72411","68","100","1","1",194,12,"12","02","0","2","2","1912","2","1","01","02","00000",5,"66220","341","2","1","2",804,804,764,"2","","","","",2,4,211040,1,1,422079,"12","19","1912",1055.2
"70","001","72411","68","100","1","1",194,12,"12","02","0","2","2","1912","2","2","01","02","00000",3,"13991","743","2","1","2",8,8,NA,"1","1","1","","",2,4,379871,1,1,759743,"12","19","1912",1899.355
"71","001","72411","68","100","1","1",194,12,"12","02","0","2","2","1912","2","2","02","02","00000",3,"97001","913","3","1","2",3,3,NA,"1","1","1","","",2,4,379871,1,1,759743,"13","19","1912",1899.355
"72","001","72411","68","100","1","1",194,12,"12","02","0","2","2","1912","2","3","01","02","00000",4,"01124","920","4","1","2",6,6,NA,"1","1","1","","",2,4,2870139,1,1,5740279,"14","19","1912",14350.695
"73","001","72412","68","100","1","1",194,12,"12","03","0","2","1","1912","1","1","01","02","00000",10,"77291","241","2","1","9",50,50,NA,"2","","","","",2,4,123195,1,1,246391,"12","19","1912",615.975
"74","001","72412","68","100","1","1",194,12,"12","03","0","2","1","1912","1","2","01","02","00000",4,"49229","514","3","1","9",20,20,NA,"1","1","1","","",2,4,225858,1,1,451717,"13","19","1912",1129.29
"75","001","72412","68","100","1","1",194,12,"12","03","0","2","1","1912","1","2","02","02","00000",1,"97001","514","5","1","9",10,10,NA,"1","1","1","","",2,4,225858,1,1,451717,"15","19","1912",1129.29
"76","001","72412","68","100","1","1",194,12,"12","03","0","2","1","1912","1","3","01","02","00000",10,"01122","611","1","1","9",470,740,670,"1","2","1","","",2,4,1177201,1,1,2354401,"11","19","1912",5886.005
"77","001","72412","68","100","1","1",194,12,"12","03","0","2","1","1912","2","1","01","02","00000",4,"01122","611","1","1","2",840,840,800,"2","","","","",2,4,328521,1,1,657042,"11","19","1912",1642.605
"78","001","72412","68","100","1","1",194,12,"12","03","0","2","1","1912","2","2","01","02","00000",2,"","","9","1","9",600,70,NA,"2","","","","",2,4,123195,1,1,246391,"19","19","1912",615.975
"79","001","72412","68","100","1","1",194,12,"12","03","0","2","1","1912","2","2","02","02","00000",1,"","","9","1","2",10,10,NA,"2","","","","",2,4,123195,1,1,246391,"19","19","1912",615.975
"80","001","72412","68","100","1","1",194,12,"12","03","0","2","1","1912","2","3","01","02","00000",2,"01122","611","1","1","2",440,440,400,"2","","","","",2,4,3736928,1,1,7473855,"11","19","1912",18684.64
"81","001","72416","68","100","1","1",194,12,"12","04","0","2","2","1912","1","1","01","02","00000",3,"10612","121","2","2","9",558,558,542,"1","1","1","","",2,4,76020,1,1,152039,"12","19","1912",380.1
"82","001","72416","68","100","1","1",194,12,"12","04","0","2","2","1912","1","2","01","02","00000",3,"14105","743","2","2","9",4,4,NA,"2","","","","",2,4,114030,1,1,228059,"12","19","1912",570.15
"83","001","72416","68","100","1","1",194,12,"12","04","0","2","2","1912","1","2","02","02","00000",4,"47711","522","2","2","9",8,8,NA,"1","1","1","","",2,4,114030,1,1,228059,"12","19","1912",570.15
"84","001","72416","68","100","1","1",194,12,"12","04","0","2","2","1912","1","3","01","02","00000",2,"01124","920","4","1","2",4,4,NA,"1","1","1","","",2,4,1216315,1,1,2432630,"14","19","1912",6081.575
"85","001","72416","68","100","1","1",194,12,"12","04","0","2","2","1912","2","1","01","02","00000",3,"01124","611","1","1","2",384,384,364,"1","1","1","","",2,4,217199,1,1,434398,"11","19","1912",1085.995
"86","001","72416","68","100","1","1",194,12,"12","04","0","2","2","1912","2","2","01","02","00000",6,"96020","514","2","1","2",101,101,81,"1","1","1","","",2,4,130319,1,1,260639,"12","19","1912",651.595
"87","001","72416","68","100","1","1",194,12,"12","04","0","2","2","1912","2","2","02","02","00000",3,"16294","121","2","1","1",7,7,NA,"1","1","1","","",2,4,130319,1,1,260639,"12","19","1912",651.595
"88","001","72416","68","100","1","1",194,12,"12","04","0","2","2","1912","2","3","01","02","00000",4,"01124","920","2","1","2",8,8,NA,"1","1","1","","",2,4,3953023,1,1,7906047,"12","19","1912",19765.115
"89","001","72415","68","100","1","1",194,12,"12","05","0","2","1","1912","1","1","01","02","00000",4,"01124","611","1","2","9",668,668,648,"1","1","1","","",2,4,29927,1,1,59854,"11","19","1912",149.635
"90","001","72415","68","100","1","1",194,12,"12","05","0","2","1","1912","1","2","01","02","00000",6,"46304","522","2","2","9",20,20,12,"1","1","1","","",2,4,212480,1,1,424960,"12","19","1912",1062.4
"91","001","72415","68","100","1","1",194,12,"12","05","0","2","1","1912","1","2","02","02","00000",4,"49232","933","2","1","2",8,8,NA,"1","1","1","","",2,4,212480,1,1,424960,"12","19","1912",1062.4
"92","001","72415","68","100","1","1",194,12,"12","05","0","2","1","1912","1","3","01","02","00000",3,"01124","920","4","1","2",6,6,NA,"1","1","1","","",2,4,275326,1,1,550652,"14","19","1912",1376.63
"93","001","72415","68","100","1","1",194,12,"12","05","0","2","1","1912","2","1","01","02","00000",5,"85212","232","3","2","9",506,506,424,"2","","","","",2,4,209487,1,1,418975,"13","19","1912",1047.435
"94","001","72415","68","100","1","1",194,12,"12","05","0","2","1","1912","2","2","01","02","00000",6,"47722","522","2","2","9",8,8,NA,"1","1","1","","",2,4,1801591,1,1,3603182,"12","19","1912",9007.955
"95","001","72415","68","100","1","1",194,12,"12","05","0","2","1","1912","2","2","02","02","00000",4,"46304","522","2","2","9",7,7,NA,"1","1","1","","",2,4,1801591,1,1,3603182,"12","19","1912",9007.955
"96","001","72415","68","100","1","1",194,12,"12","05","0","2","1","1912","2","3","01","02","00000",4,"01124","920","4","1","2",6,6,NA,"1","1","1","","",2,4,1173129,1,1,2346258,"14","19","1912",5865.645
"97","001","72413","68","100","1","1",194,12,"12","06","0","2","2","1912","1","1","01","02","00000",9,"47711","743","2","1","3",330,70,NA,"2","","","","",2,4,39156,1,1,78312,"12","19","1912",195.78
"98","001","72413","68","100","1","1",194,12,"12","06","0","2","2","1912","1","2","01","02","00000",5,"13121","241","2","1","9",20,20,NA,"2","","","","",2,4,113118,1,1,226236,"12","19","1912",565.59
"99","001","72413","68","100","1","1",194,12,"12","06","0","2","2","1912","1","2","02","02","00000",4,"16233","241","2","1","2",20,20,NA,"2","","","","",2,4,113118,1,1,226236,"12","19","1912",565.59
"100","001","72413","68","100","1","1",194,12,"12","06","0","2","2","1912","1","3","01","02","00000",6,"01122","920","4","1","9",80,80,60,"1","1","1","","",2,4,243638,1,1,487277,"14","19","1912",1218.19
"101","001","72413","68","100","1","1",194,12,"12","06","0","2","2","1912","2","1","01","02","00000",5,"01124","611","1","1","9",420,420,400,"1","1","1","","",2,4,117468,1,1,234937,"11","19","1912",587.34
"102","001","72413","68","100","1","1",194,12,"12","06","0","2","2","1912","2","2","01","02","00000",3,"13121","241","2","1","9",4,4,NA,"2","","","","",2,4,783123,1,1,1566246,"12","19","1912",3915.615
"103","001","72413","68","100","1","1",194,12,"12","06","0","2","2","1912","2","2","02","02","00000",4,"47990","522","2","1","2",10,10,NA,"1","1","1","","",2,4,783123,1,1,1566246,"12","19","1912",3915.615
"104","001","72413","68","100","1","1",194,12,"12","06","0","2","2","1912","2","3","01","02","00000",3,"01124","611","1","1","9",280,280,270,"2","","","","",2,4,2114433,1,1,4228865,"11","19","1912",10572.165
"105","001","72410","68","100","1","1",194,12,"12","07","0","2","1","1912","1","1","01","02","00000",4,"47214","522","2","2","9",48,48,NA,"1","1","1","","",2,4,23903,1,1,47805,"12","19","1912",119.515
"106","001","72410","68","100","1","1",194,12,"12","07","0","2","1","1912","1","2","01","02","00000",1,"10612","931","5","1","2",NA,1,NA,"2","","","","",2,4,90830,1,1,181660,"15","19","1912",454.15
"107","001","72410","68","100","1","1",194,12,"12","07","0","2","1","1912","1","2","02","02","00000",10,"13992","743","2","2","9",16,16,NA,"1","1","1","","",2,4,90830,1,1,181660,"12","19","1912",454.15
"108","001","72410","68","100","1","1",194,12,"12","07","0","2","1","1912","1","3","01","02","00000",6,"01121","611","1","2","9",101,107,94,"1","1","2","","",2,4,88440,1,1,176879,"11","19","1912",442.2
"109","001","72410","68","100","1","1",194,12,"12","07","0","2","1","1912","2","1","01","02","00000",3,"01124","611","1","1","9",166,166,150,"1","1","1","","",2,4,430247,1,1,860494,"11","19","1912",2151.235
"110","001","72410","68","100","1","1",194,12,"12","07","0","2","1","1912","2","2","01","02","00000",5,"47110","522","3","1","9",20,20,NA,"2","","","","",2,4,516297,1,1,1032593,"13","19","1912",2581.485
"111","001","72410","68","100","1","1",194,12,"12","07","0","2","1","1912","2","2","02","02","00000",4,"01124","611","1","1","9",280,280,270,"2","","","","",2,4,516297,1,1,1032593,"11","19","1912",2581.485
"112","001","72410","68","100","1","1",194,12,"12","07","0","2","1","1912","2","3","01","02","00000",3,"01124","920","4","1","2",20,20,NA,"2","","","","",2,4,4259447,1,1,8518894,"14","19","1912",21297.235
"113","001","72401","68","100","1","1",194,12,"12","01","0","3","2","1912","1","1","01","02","00000",6,"01611","833","1","1","9",835,835,809,"2","","","","",2,4,188128,1,1,376256,"11","19","1912",940.64
"114","001","72401","68","100","1","1",194,12,"12","01","0","3","2","1912","1","1","02","02","00000",4,"80100","915","3","1","9",433,433,405,"2","","","","",2,4,188128,1,1,376256,"13","19","1912",940.64
"115","001","72401","68","100","1","1",194,12,"12","01","0","3","2","1912","1","2","01","02","00000",5,"85102","412","3","1","9",87,87,67,"1","1","1","","",2,4,667855,1,1,1335710,"13","19","1912",3339.275
"116","001","72401","68","100","1","1",194,12,"12","01","0","3","2","1912","1","2","02","02","00000",6,"10734","522","3","1","9",66,66,45,"2","","","","",2,4,667855,1,1,1335710,"13","19","1912",3339.275
"117","001","72401","68","100","1","1",194,12,"12","01","0","3","2","1912","1","2","03","02","00000",2,"16221","712","3","1","9",20,20,NA,"2","","","","",2,4,667855,1,1,1335710,"13","19","1912",3339.275
"118","001","72401","68","100","1","1",194,12,"12","01","0","3","2","1912","1","2","04","02","00000",3,"32120","731","3","1","9",28,28,20,"1","1","1","","",2,4,667855,1,1,1335710,"13","19","1912",3339.275
"119","001","72401","68","100","1","1",194,12,"12","01","0","3","2","1912","1","3","01","02","00000",4,"01124","611","1","1","9",149,283,269,"1","1","1","","",2,4,1091143,1,1,2182287,"11","19","1912",5455.715
"120","001","72401","68","100","1","1",194,12,"12","01","0","3","2","1912","1","3","02","02","00000",3,"01124","611","1","1","9",560,560,540,"1","1","1","","",2,4,1091143,1,1,2182287,"11","19","1912",5455.715
"121","001","72402","68","100","1","1",194,12,"12","02","0","3","1","1912","1","1","01","02","00000",4,"84220","516","3","1","9",230,20,NA,"2","","","","",2,4,108680,1,1,217359,"13","19","1912",543.4
"122","001","72402","68","100","1","1",194,12,"12","02","0","3","1","1912","1","1","02","02","00000",4,"85212","232","3","1","2",710,710,670,"1","1","1","","",2,4,108680,1,1,217359,"13","19","1912",543.4
"123","001","72402","68","100","1","1",194,12,"12","02","0","3","1","1912","1","2","01","02","00000",6,"94910","246","2","1","9",10,10,NA,"1","1","1","","",2,4,260831,1,1,521662,"12","19","1912",1304.155
"124","001","72402","68","100","1","1",194,12,"12","02","0","3","1","1912","1","2","02","02","00000",5,"49231","832","2","1","2",NA,10,NA,"1","1","1","","",2,4,260831,1,1,521662,"12","19","1912",1304.155
"125","001","72402","68","100","1","1",194,12,"12","02","0","3","1","1912","1","2","03","02","00000",4,"94910","246","2","1","9",20,20,NA,"2","","","","",2,4,260831,1,1,521662,"12","19","1912",1304.155
"126","001","72402","68","100","1","1",194,12,"12","02","0","3","1","1912","1","2","04","02","00000",3,"65120","341","2","1","9",40,40,NA,"2","","","","",2,4,260831,1,1,521662,"12","19","1912",1304.155
"127","001","72402","68","100","1","1",194,12,"12","02","0","3","1","1912","1","3","01","02","00000",4,"01122","920","4","1","9",10,10,NA,"1","1","1","","",2,4,2054046,1,1,4108091,"14","19","1912",10270.23
"128","001","72402","68","100","1","1",194,12,"12","02","0","3","1","1912","1","3","02","02","00000",4,"01122","920","4","1","2",90,90,70,"1","1","1","","",2,4,2054046,1,1,4108091,"14","19","1912",10270.23
"129","001","72406","68","100","1","1",194,12,"12","03","0","3","2","1912","1","1","01","02","00000",3,"85301","915","3","1","1",93,26,NA,"2","","","","",2,4,97507,1,1,195014,"13","19","1912",487.535
"130","001","72406","68","100","1","1",194,12,"12","03","0","3","2","1912","1","2","01","02","00000",3,"47211","522","2","1","9",356,356,336,"1","1","1","","",2,4,85319,1,1,170637,"12","19","1912",426.595
"131","001","72406","68","100","1","1",194,12,"12","03","0","3","2","1912","1","2","02","02","00000",6,"41001","714","5","1","1",27,27,NA,"1","1","1","","",2,4,85319,1,1,170637,"15","19","1912",426.595
"132","001","72406","68","100","1","1",194,12,"12","03","0","3","2","1912","1","3","01","02","00000",5,"01124","920","4","1","1",23,259,236,"1","1","1","","",2,4,1340722,1,1,2681443,"14","19","1912",6703.61
"133","001","72406","68","100","1","1",194,12,"12","03","0","3","2","1912","2","1","01","02","00000",2,"85102","331","3","1","9",560,34,NA,"2","","","","",2,4,255956,1,1,511912,"13","19","1912",1279.78
"134","001","72406","68","100","1","1",194,12,"12","03","0","3","2","1912","2","2","01","02","00000",3,"47211","522","3","1","9",169,169,135,"1","1","1","","",2,4,127978,1,1,255956,"13","19","1912",639.89
"135","001","72406","68","100","1","1",194,12,"12","03","0","3","2","1912","2","2","02","02","00000",4,"41001","714","5","1","2",20,155,135,"1","1","1","","",2,4,127978,1,1,255956,"15","19","1912",639.89
"136","001","72406","68","100","1","1",194,12,"12","03","0","3","2","1912","2","3","01","02","00000",4,"01124","920","4","1","1",21,74,53,"2","","","","",2,4,3985600,1,1,7971200,"14","19","1912",19928
"137","001","72405","68","100","1","1",194,12,"12","04","0","3","1","1912","1","1","01","02","00000",3,"01122","611","1","1","2",350,350,330,"1","1","1","","",2,4,65189,1,1,130379,"11","19","1912",325.945
"138","001","72405","68","100","1","1",194,12,"12","04","0","3","1","1912","1","2","01","02","00000",5,"16233","742","2","1","2",30,30,NA,"1","1","1","","",2,4,28520,1,1,57041,"12","19","1912",142.6
"139","001","72405","68","100","1","1",194,12,"12","04","0","3","1","1912","1","2","02","02","00000",1,"97001","913","3","1","9",NA,10,NA,"2","","","","",2,4,28520,1,1,57041,"13","19","1912",142.6
"140","001","72405","68","100","1","1",194,12,"12","04","0","3","1","1912","1","3","01","02","00000",5,"01124","920","4","1","2",20,53,34,"1","1","1","","",2,4,896354,1,1,1792707,"14","19","1912",4481.77
"141","001","72405","68","100","1","1",194,12,"12","04","0","3","1","1912","2","1","01","02","00000",5,"01124","611","1","1","9",573,573,540,"1","1","1","","",2,4,407433,1,1,814867,"11","19","1912",2037.165
"142","001","72405","68","100","1","1",194,12,"12","04","0","3","1","1912","2","2","01","02","00000",4,"85491","233","2","1","9",439,439,405,"1","1","1","","",2,4,224088,1,1,448177,"12","19","1912",1120.44
"143","001","72405","68","100","1","1",194,12,"12","04","0","3","1","1912","2","2","02","02","00000",4,"95291","723","2","1","9",79,79,26,"1","1","1","","",2,4,224088,1,1,448177,"12","19","1912",1120.44
"144","001","72405","68","100","1","1",194,12,"12","04","0","3","1","1912","2","3","01","02","00000",4,"01124","920","4","1","2",9,9,NA,"1","1","1","","",2,4,4033591,1,1,8067183,"14","19","1912",20167.955
"145","001","72403","68","100","1","1",194,12,"12","05","0","3","2","1912","1","1","01","02","00000",3,"01124","611","1","1","9",417,400,400,"1","1","1","","",2,4,67599,1,1,135199,"11","19","1912",337.995
"146","001","72403","68","100","1","1",194,12,"12","05","0","3","2","1912","1","2","01","02","00000",4,"25113","731","3","1","9",15,15,NA,"1","1","1","","",2,4,263638,1,1,527276,"13","19","1912",1318.19
"147","001","72403","68","100","1","1",194,12,"12","05","0","3","2","1912","1","2","02","02","00000",2,"66220","341","2","1","9",200,190,166,"2","","","","",2,4,263638,1,1,527276,"12","19","1912",1318.19
"148","001","72403","68","100","1","1",194,12,"12","05","0","3","2","1912","1","3","01","02","00000",2,"01124","611","1","1","9",534,534,400,"2","","","","",2,4,405597,1,1,811194,"11","19","1912",2027.985
"149","001","72403","68","100","1","1",194,12,"12","05","0","3","2","1912","2","1","01","02","00000",5,"84230","516","3","1","9",2676,2676,2076,"2","","","","",2,4,473196,1,1,946392,"13","19","1912",2365.98
"150","001","72403","68","100","1","1",194,12,"12","05","0","3","2","1912","2","2","01","02","00000",4,"84230","516","3","1","3",234,234,204,"2","","","","",2,4,591495,1,1,1182991,"13","19","1912",2957.475
"151","001","72403","68","100","1","1",194,12,"12","05","0","3","2","1912","2","2","02","02","00000",5,"33113","932","5","1","3",67,67,54,"1","1","1","","",2,4,591495,1,1,1182991,"15","19","1912",2957.475
"152","001","72403","68","100","1","1",194,12,"12","05","0","3","2","1912","2","3","01","02","00000",4,"01124","920","4","1","3",3,3,NA,"1","2","1","","",2,4,4069488,1,1,8138975,"14","19","1912",20347.44
"153","001","72400","68","100","1","1",194,12,"12","06","0","3","1","1912","1","1","01","02","00000",5,"25111","821","3","1","3",10,10,NA,"2","","","","",2,4,38950,1,1,77900,"13","19","1912",194.75
"154","001","72400","68","100","1","1",194,12,"12","06","0","3","1","1912","1","2","01","02","00000",4,"49120","933","5","1","2",10,10,NA,"2","","","","",2,4,282388,1,1,564775,"15","19","1912",1411.94
"155","001","72400","68","100","1","1",194,12,"12","06","0","3","1","1912","1","2","02","02","00000",3,"49120","933","5","1","2",22,22,NA,"1","1","1","","",2,4,282388,1,1,564775,"15","19","1912",1411.94
"156","001","72400","68","100","1","1",194,12,"12","06","0","3","1","1912","1","3","01","02","00000",7,"01124","920","4","1","2",8,8,NA,"2","","","","",2,4,35055,1,1,70110,"14","19","1912",175.275
"157","001","72400","68","100","1","1",194,12,"12","06","0","3","1","1912","2","1","01","02","00000",3,"82110","723","3","1","9",87,87,67,"2","","","","",2,4,467400,1,1,934800,"13","19","1912",2337
"158","001","72400","68","100","1","1",194,12,"12","06","0","3","1","1912","2","2","01","02","00000",3,"31001","712","5","1","9",5,5,NA,"2","","","","",2,4,1986450,1,1,3972900,"15","19","1912",9932.25
"159","001","72400","68","100","1","1",194,12,"12","06","0","3","1","1912","2","2","02","02","00000",3,"85491","232","2","1","9",13,13,NA,"2","","","","",2,4,1986450,1,1,3972900,"12","19","1912",9932.25
"160","001","72400","68","100","1","1",194,12,"12","06","0","3","1","1912","2","3","01","02","00000",2,"01124","920","4","1","9",40,40,NA,"2","","","","",2,4,888060,1,1,1776120,"14","19","1912",4440.3
"161","001","72408","68","100","1","1",194,12,"12","07","0","3","2","1912","1","1","01","02","00000",5,"35109","724","3","1","2",514,220,NA,"2","","","","",2,4,35048,1,1,70095,"13","19","1912",175.24
"162","001","72408","68","100","1","1",194,12,"12","07","0","3","2","1912","1","2","01","02","00000",5,"47212","522","2","1","9",6,6,NA,"2","","","","",2,4,162972,1,1,325944,"12","19","1912",814.86
"163","001","72408","68","100","1","1",194,12,"12","07","0","3","2","1912","1","2","02","02","00000",6,"49226","933","2","1","2",10,10,NA,"1","1","1","","",2,4,162972,1,1,325944,"12","19","1912",814.86
"164","001","72408","68","100","1","1",194,12,"12","07","0","3","2","1912","1","3","01","02","00000",4,"01124","611","1","1","3",401,401,303,"1","1","1","","",2,4,217296,1,1,434592,"11","19","1912",1086.48
"165","001","72408","68","100","1","1",194,12,"12","07","0","3","2","1912","2","1","01","02","00000",3,"01612","121","2","1","2",40,40,NA,"2","","","","",2,4,318934,1,1,637869,"12","19","1912",1594.67
"166","001","72408","68","100","1","1",194,12,"12","07","0","3","2","1912","2","2","01","02","00000",5,"49232","933","5","1","2",20,20,NA,"1","2","1","","",2,4,660650,1,1,1321300,"15","19","1912",3303.25
"167","001","72408","68","100","1","1",194,12,"12","07","0","3","2","1912","2","2","02","02","00000",1,"96098","913","3","1","2",20,20,NA,"1","1","1","","",2,4,660650,1,1,1321300,"13","19","1912",3303.25
"168","001","72408","68","100","1","1",194,12,"12","07","0","3","2","1912","2","3","01","02","00000",6,"01124","920","4","1","2",7,7,NA,"1","2","1","","",2,4,5330761,1,1,10661523,"14","19","1912",26653.805
"169","001","72112","68","100","1","1",194,12,"12","01","0","4","1","1912","1","1","01","02","00000",4,"01124","611","1","1","9",2278,2278,2010,"2","","","","",2,4,173405,1,1,346810,"11","19","1912",867.025
"170","001","72112","68","100","1","1",194,12,"12","01","0","4","1","1912","1","1","02","02","00000",5,"85102","232","3","1","2",441,441,312,"2","","","","",2,4,173405,1,1,346810,"13","19","1912",867.025
"171","001","72112","68","100","1","1",194,12,"12","01","0","4","1","1912","1","2","01","02","00000",3,"49120","933","5","1","9",14,14,NA,"1","1","1","","",2,4,554896,1,1,1109792,"15","19","1912",2774.48
"172","001","72112","68","100","1","1",194,12,"12","01","0","4","1","1912","1","2","02","02","00000",3,"82110","411","3","1","9",13,13,NA,"2","","","","",2,4,554896,1,1,1109792,"13","19","1912",2774.48
"173","001","72112","68","100","1","1",194,12,"12","01","0","4","1","1912","1","2","03","02","00000",5,"41002","714","5","1","9",26,26,NA,"1","1","1","","",2,4,554896,1,1,1109792,"15","19","1912",2774.48
"174","001","72112","68","100","1","1",194,12,"12","01","0","4","1","1912","1","2","04","02","00000",5,"49231","832","2","1","2",4,4,NA,"1","1","1","","",2,4,554896,1,1,1109792,"12","19","1912",2774.48
"175","001","72112","68","100","1","1",194,12,"12","01","0","4","1","1912","1","3","01","02","00000",4,"01124","920","4","1","1",10,10,NA,"1","1","1","","",2,4,2392990,1,1,4785980,"14","19","1912",11964.95
"176","001","72112","68","100","1","1",194,12,"12","01","0","4","1","1912","1","3","02","02","00000",3,"01124","920","4","1","9",40,40,NA,"1","1","1","","",2,4,2392990,1,1,4785980,"14","19","1912",11964.95
"177","001","72116","68","100","1","1",194,12,"12","02","0","4","2","1912","1","1","01","02","00000",5,"84230","915","3","1","9",20,20,NA,"1","2","1","","",2,4,81142,1,1,162283,"13","19","1912",405.71
"178","001","72116","68","100","1","1",194,12,"12","02","0","4","2","1912","1","2","01","02","00000",4,"95291","121","2","1","2",12,12,NA,"2","","","","",2,4,154169,1,1,308338,"12","19","1912",770.845
"179","001","72116","68","100","1","1",194,12,"12","02","0","4","2","1912","1","2","02","02","00000",3,"95221","713","2","1","9",6,6,NA,"2","","","","",2,4,154169,1,1,308338,"12","19","1912",770.845
"180","001","72116","68","100","1","1",194,12,"12","02","0","4","2","1912","1","3","01","02","00000",5,"01124","920","4","1","2",17,17,12,"1","2","1","","",2,4,1444321,1,1,2888641,"14","19","1912",7221.605
"181","001","72116","68","100","1","1",194,12,"12","02","0","4","2","1912","2","1","01","02","00000",4,"95221","713","2","2","9",13,13,NA,"2","","","","",2,4,486850,1,1,973699,"12","19","1912",2434.25
"182","001","72116","68","100","1","1",194,12,"12","02","0","4","2","1912","2","2","01","02","00000",1,"13992","743","5","2","3",6,6,NA,"2","","","","",2,4,1947398,1,1,3894797,"15","19","1912",9736.99
"183","001","72116","68","100","1","1",194,12,"12","02","0","4","2","1912","2","2","02","02","00000",3,"55101","121","2","2","9",73,73,NA,"2","","","","",2,4,1947398,1,1,3894797,"12","19","1912",9736.99
"184","001","72116","68","100","1","1",194,12,"12","02","0","4","2","1912","2","3","01","02","00000",7,"01124","611","1","2","9",320,320,284,"2","","","","",2,4,486850,1,1,973699,"11","19","1912",2434.25
"185","001","72115","68","100","1","1",194,12,"12","03","0","4","1","1912","1","1","01","02","00000",3,"47211","522","2","1","9",274,274,268,"2","","","","",2,4,115636,1,1,231273,"12","19","1912",578.18
"186","001","72115","68","100","1","1",194,12,"12","03","0","4","1","1912","1","2","01","02","00000",4,"50220","933","3","1","9",13,13,NA,"1","1","1","","",2,4,416291,1,1,832582,"13","19","1912",2081.455
"187","001","72115","68","100","1","1",194,12,"12","03","0","4","1","1912","1","2","02","02","00000",3,"47212","522","2","1","2",140,140,134,"2","","","","",2,4,416291,1,1,832582,"12","19","1912",2081.455
"188","001","72115","68","100","1","1",194,12,"12","03","0","4","1","1912","1","3","01","02","00000",2,"01124","920","4","1","9",13,13,NA,"2","","","","",2,4,925091,1,1,1850182,"14","19","1912",4625.455
"189","001","72115","68","100","1","1",194,12,"12","03","0","4","1","1912","2","1","01","02","00000",1,"","","9","1","9",6,8,NA,"2","","","","",2,4,462545,1,1,925091,"19","19","1912",2312.725
"190","001","72115","68","100","1","1",194,12,"12","03","0","4","1","1912","2","2","01","02","00000",4,"13121","743","2","1","3",51,51,32,"1","1","1","","",2,4,1595782,1,1,3191564,"12","19","1912",7978.91
"191","001","72115","68","100","1","1",194,12,"12","03","0","4","1","1912","2","2","02","02","00000",3,"47212","522","2","1","2",7,7,NA,"1","1","1","","",2,4,1595782,1,1,3191564,"12","19","1912",7978.91
"192","001","72115","68","100","1","1",194,12,"12","03","0","4","1","1912","2","3","01","02","00000",1,"01124","920","4","1","2",6,6,NA,"1","1","1","","",2,4,3885382,1,1,7770763,"14","19","1912",19426.91
"193","001","72113","68","100","1","1",194,12,"12","04","0","4","2","1912","1","1","01","02","00000",10,"77291","121","2","1","9",45,45,NA,"2","","","","",2,4,68683,1,1,137366,"12","19","1912",343.415
"194","001","72113","68","100","1","1",194,12,"12","04","0","4","2","1912","1","2","01","02","00000",2,"49226","933","2","2","9",16,16,NA,"1","1","1","","",2,4,323792,1,1,647583,"12","19","1912",1618.96
"195","001","72113","68","100","1","1",194,12,"12","04","0","4","2","1912","1","2","02","02","00000",5,"79900","341","2","2","9",42,42,24,"1","1","1","","",2,4,323792,1,1,647583,"12","19","1912",1618.96
"196","001","72113","68","100","1","1",194,12,"12","04","0","4","2","1912","1","3","01","02","00000",3,"01124","920","4","1","1",12,12,NA,"1","1","1","","",2,4,264920,1,1,529841,"14","19","1912",1324.6
"197","001","72113","68","100","1","1",194,12,"12","04","0","4","2","1912","2","1","01","02","00000",3,"01124","611","1","2","9",3402,3402,3400,"1","2","1","","",2,4,353227,1,1,706455,"11","19","1912",1766.135
"198","001","72113","68","100","1","1",194,12,"12","04","0","4","2","1912","2","2","01","02","00000",4,"41001","931","5","2","9",402,402,400,"1","2","1","","",2,4,156990,1,1,313980,"15","19","1912",784.95
"199","001","72113","68","100","1","1",194,12,"12","04","0","4","2","1912","2","2","02","02","00000",3,"49226","933","2","2","9",17,17,NA,"1","1","1","","",2,4,156990,1,1,313980,"12","19","1912",784.95
"200","001","72113","68","100","1","1",194,12,"12","04","0","4","2","1912","2","3","01","02","00000",4,"01124","920","4","2","9",12,12,NA,"1","1","1","","",2,4,2276354,1,1,4552707,"14","19","1912",11381.77
"201","001","72110","68","100","1","1",194,12,"12","05","0","4","1","1912","1","1","01","02","00000",2,"84119","343","3","1","9",320,20,NA,"2","","","","",2,4,80065,1,1,160130,"13","19","1912",400.325
"202","001","72110","68","100","1","1",194,12,"12","05","0","4","1","1912","1","2","01","02","00000",2,"86903","222","2","1","9",230,230,200,"2","","","","",2,4,148120,1,1,296241,"12","19","1912",740.6
"203","001","72110","68","100","1","1",194,12,"12","05","0","4","1","1912","1","2","02","02","00000",3,"65110","341","2","1","9",140,40,NA,"2","","","","",2,4,148120,1,1,296241,"12","19","1912",740.6
"204","001","72110","68","100","1","1",194,12,"12","05","0","4","1","1912","1","3","01","02","00000",2,"01122","611","1","1","9",830,830,800,"2","","","","",2,4,584475,1,1,1168950,"11","19","1912",2922.375
"205","001","72110","68","100","1","1",194,12,"12","05","0","4","1","1912","2","1","01","02","00000",2,"","","9","1","9",20,20,NA,"2","","","","",2,4,400325,1,1,800651,"19","19","1912",2001.625
"206","001","72110","68","100","1","1",194,12,"12","05","0","4","1","1912","2","2","01","02","00000",4,"97001","913","3","1","1",16,150,134,"1","3","1","","",2,4,660537,1,1,1321074,"13","19","1912",3302.685
"207","001","72110","68","100","1","1",194,12,"12","05","0","4","1","1912","2","2","02","02","00000",3,"85491","233","2","1","9",13,13,NA,"2","","","","",2,4,660537,1,1,1321074,"12","19","1912",3302.685
"208","001","72110","68","100","1","1",194,12,"12","05","0","4","1","1912","2","3","01","02","00000",1,"01122","920","4","1","9",10,10,NA,"1","1","1","","",2,4,2161758,1,1,4323515,"14","19","1912",10808.79
"209","001","72118","68","100","1","1",194,12,"12","06","0","4","2","1912","1","1","01","02","00000",6,"46301","121","1","1","9",450,450,400,"1","1","1","","",2,4,37376,1,1,74751,"11","19","1912",186.88
"210","001","72118","68","100","1","1",194,12,"12","06","0","4","2","1912","1","2","01","02","00000",1,"96098","913","3","1","9",8,8,NA,"1","1","1","","",2,4,74751,1,1,149503,"13","19","1912",373.755
"211","001","72118","68","100","1","1",194,12,"12","06","0","4","2","1912","1","2","02","02","00000",4,"52102","933","5","1","9",56,56,40,"1","1","1","","",2,4,74751,1,1,149503,"15","19","1912",373.755
"212","001","72118","68","100","1","1",194,12,"12","06","0","4","2","1912","1","3","01","02","00000",4,"01124","920","4","1","9",8,8,NA,"1","1","1","","",2,4,390369,1,1,780737,"14","19","1912",1951.845
"213","001","72118","68","100","1","1",194,12,"12","06","0","4","2","1912","2","1","01","02","00000",5,"01124","611","1","1","9",1620,1620,1060,"2","","","","",2,4,456814,1,1,913629,"11","19","1912",2284.07
"214","001","72118","68","100","1","1",194,12,"12","06","0","4","2","1912","2","2","01","02","00000",5,"61102","724","3","1","3",280,280,270,"2","","","","",2,4,1050673,1,1,2101346,"13","19","1912",5253.365
"215","001","72118","68","100","1","1",194,12,"12","06","0","4","2","1912","2","2","02","02","00000",5,"52102","933","5","1","9",150,150,130,"1","1","1","","",2,4,1050673,1,1,2101346,"15","19","1912",5253.365
"216","001","72118","68","100","1","1",194,12,"12","06","0","4","2","1912","2","3","01","02","00000",4,"01124","611","1","1","9",208,208,200,"1","1","1","","",2,4,2055664,1,1,4111329,"11","19","1912",10278.32
"217","001","72129","68","100","1","1",194,12,"12","07","0","4","1","1912","1","1","01","02","00000",5,"31001","121","2","2","9",92,22,72,"1","1","1","","",2,4,22240,1,1,44479,"12","19","1912",111.2
"218","001","72129","68","100","1","1",194,12,"12","07","0","4","1","1912","1","2","01","02","00000",4,"41001","714","5","2","9",8,8,NA,"2","","","","",2,4,59769,1,1,119539,"15","19","1912",298.845
"219","001","72129","68","100","1","1",194,12,"12","07","0","4","1","1912","1","2","02","02","00000",5,"41001","712","5","2","9",12,12,NA,"2","","","","",2,4,59769,1,1,119539,"15","19","1912",298.845
"220","001","72129","68","100","1","1",194,12,"12","07","0","4","1","1912","1","3","01","02","00000",5,"01124","920","4","2","9",NA,13,NA,"2","","","","",2,4,164018,1,1,328036,"14","19","1912",820.09
"221","001","72129","68","100","1","1",194,12,"12","07","0","4","1","1912","2","1","01","02","00000",4,"85491","334","3","1","2",NA,11,NA,"2","","","","",2,4,425335,1,1,850670,"13","19","1912",2126.675
"222","001","72129","68","100","1","1",194,12,"12","07","0","4","1","1912","2","2","01","02","00000",3,"13131","734","5","1","2",NA,2,NA,"1","1","1","","",2,4,2268453,1,1,4536905,"15","19","1912",11342.265
"223","001","72129","68","100","1","1",194,12,"12","07","0","4","1","1912","2","2","02","02","00000",3,"13131","734","5","1","2",NA,2,NA,"1","1","1","","",2,4,2268453,1,1,4536905,"15","19","1912",11342.265
"224","001","72129","68","100","1","1",194,12,"12","07","0","4","1","1912","2","3","01","02","00000",4,"01124","920","4","1","2",NA,11,NA,"1","1","1","","",2,4,1984896,1,1,3969793,"14","19","1912",9924.48
"225","001","44348","68","100","1","2",194,12,"12","01","0","1","2","1912","1","1","01","02","00000",3,"14101","121","1","1","3",8,8,NA,"","","","","",2,4,142800,1,1,285600,"21","19","1912",714
"226","001","44348","68","100","1","2",194,12,"12","01","0","1","2","1912","1","1","02","02","00000",5,"49231","121","1","1","9",10,10,NA,"","","","","",2,4,142800,1,1,285600,"21","19","1912",714
"227","001","44348","68","100","1","2",194,12,"12","01","0","1","2","1912","1","2","01","02","00000",2,"13121","743","3","1","9",26,26,NA,"","","","","",2,4,464100,1,1,928200,"23","19","1912",2320.5
"228","001","44348","68","100","1","2",194,12,"12","01","0","1","2","1912","1","2","02","02","00000",5,"47211","522","1","1","3",8,8,NA,"","","","","",2,4,464100,1,1,928200,"21","19","1912",2320.5
"229","001","44348","68","100","1","2",194,12,"12","01","0","1","2","1912","1","2","03","02","00000",4,"13121","121","1","1","2",5,5,NA,"","","","","",2,4,464100,1,1,928200,"21","19","1912",2320.5
"230","001","44348","68","100","1","2",194,12,"12","01","0","1","2","1912","1","2","04","02","00000",5,"13121","743","3","1","9",20,20,NA,"","","","","",2,4,464100,1,1,928200,"23","19","1912",2320.5
"231","001","44348","68","100","1","2",194,12,"12","01","0","1","2","1912","1","3","01","02","00000",3,"13121","121","1","1","3",12,12,NA,"","","","","",2,4,606900,1,1,1213800,"21","19","1912",3034.5
"232","001","44348","68","100","1","2",194,12,"12","01","0","1","2","1912","1","3","02","02","00000",4,"13121","743","3","1","9",13,13,NA,"","","","","",2,4,606900,1,1,1213800,"23","19","1912",3034.5
"233","001","44319","68","100","1","2",194,12,"12","02","0","1","1","1912","1","1","01","02","00000",2,"46206","522","1","2","9",46,10,0,"","","","","",2,4,43800,1,1,87600,"21","19","1912",219
"234","001","44319","68","100","1","2",194,12,"12","02","0","1","1","1912","1","2","01","02","00000",5,"49231","832","2","2","9",0,2,0,"","","","","",2,4,722700,1,1,1445400,"22","19","1912",3613.5
"235","001","44319","68","100","1","2",194,12,"12","02","0","1","1","1912","1","2","02","02","00000",4,"10101","741","2","2","9",0,2,0,"","","","","",2,4,722700,1,1,1445400,"22","19","1912",3613.5
"236","001","44319","68","100","1","2",194,12,"12","02","0","1","1","1912","1","3","01","02","00000",6,"46699","916","3","2","9",0,2,0,"","","","","",2,4,657000,1,1,1314000,"23","19","1912",3285
"237","001","44319","68","100","1","2",194,12,"12","02","0","1","1","1912","2","1","01","02","00000",2,"47212","522","1","2","9",18,2,0,"","","","","",2,4,43800,1,1,87600,"21","19","1912",219
"238","001","44319","68","100","1","2",194,12,"12","02","0","1","1","1912","2","2","01","02","00000",7,"46419","522","1","2","3",0,2,0,"","","","","",2,4,1423500,1,1,2847000,"21","19","1912",7117.5
"239","001","44319","68","100","1","2",194,12,"12","02","0","1","1","1912","2","2","02","02","00000",8,"13135","829","2","2","9",0,1,0,"","","","","",2,4,1423500,1,1,2847000,"22","19","1912",7117.5
"240","001","44319","68","100","1","2",194,12,"12","02","0","1","1","1912","2","3","01","02","00000",9,"47592","522","1","2","9",3,1,0,"","","","","",2,4,1051200,1,1,2102400,"21","19","1912",5256
"241","001","44317","68","100","1","2",194,12,"12","03","0","1","2","1912","1","1","01","02","00000",6,"86905","221","1","1","9",13,10,NA,"","","","","",2,4,21600,1,1,43200,"21","19","1912",108
"242","001","44317","68","100","1","2",194,12,"12","03","0","1","2","1912","1","2","01","02","00000",4,"41001","713","3","1","2",9,9,NA,"","","","","",2,4,1263600,1,1,2527200,"23","19","1912",6318
"243","001","44317","68","100","1","2",194,12,"12","03","0","1","2","1912","1","2","02","02","00000",4,"41001","712","1","1","2",13,13,NA,"","","","","",2,4,1263600,1,1,2527200,"21","19","1912",6318
"244","001","44317","68","100","1","2",194,12,"12","03","0","1","2","1912","1","3","01","02","00000",5,"49226","832","1","1","2",19,19,NA,"","","","","",2,4,604800,1,1,1209600,"21","19","1912",3024
"245","001","44317","68","100","1","2",194,12,"12","03","0","1","2","1912","2","1","01","02","00000",2,"","","9","3","9",23,10,NA,"","","","","",2,4,43200,1,1,86400,"29","19","1912",216
"246","001","44317","68","100","1","2",194,12,"12","03","0","1","2","1912","2","2","01","02","00000",4,"41001","712","1","1","2",10,10,NA,"","","","","",2,4,2527200,1,1,5054400,"21","19","1912",12636
"247","001","44317","68","100","1","2",194,12,"12","03","0","1","2","1912","2","2","02","02","00000",3,"24105","932","3","1","9",7,7,NA,"","","","","",2,4,2527200,1,1,5054400,"23","19","1912",12636
"248","001","44317","68","100","1","2",194,12,"12","03","0","1","2","1912","2","3","01","02","00000",2,"96098","512","2","1","3",8,8,NA,"","","","","",2,4,1123200,1,1,2246400,"22","19","1912",5616
"249","001","44314","68","100","1","2",194,12,"12","04","0","1","1","1912","1","1","01","02","00000",4,"56210","512","2","1","9",17,17,NA,"","","","","",2,4,463100,1,1,926200,"22","19","1912",2315.5
"250","001","44314","68","100","1","2",194,12,"12","04","0","1","1","1912","1","1","02","02","00000",2,"","","9","1","9",30,30,NA,"","","","","",2,4,463100,1,1,926200,"29","19","1912",2315.5
"251","001","44314","68","100","1","2",194,12,"12","04","0","1","1","1912","1","2","01","02","00000",4,"49226","933","1","1","2",3,3,NA,"","","","","",2,4,731488,1,1,1462975,"21","19","1912",3657.44
"252","001","44314","68","100","1","2",194,12,"12","04","0","1","1","1912","1","2","02","02","00000",4,"14105","743","2","1","2",6,6,NA,"","","","","",2,4,731488,1,1,1462975,"22","19","1912",3657.44
"253","001","44314","68","100","1","2",194,12,"12","04","0","1","1","1912","1","2","03","02","00000",3,"31001","712","1","1","2",NA,5,NA,"","","","","",2,4,731488,1,1,1462975,"21","19","1912",3657.44
"254","001","44314","68","100","1","2",194,12,"12","04","0","1","1","1912","1","2","04","02","00000",1,"","","9","1","9",3,3,NA,"","","","","",2,4,731488,1,1,1462975,"29","19","1912",3657.44
"255","001","44314","68","100","1","2",194,12,"12","04","0","1","1","1912","1","3","01","02","00000",5,"97002","512","2","1","2",NA,7,NA,"","","","","",2,4,252600,1,1,505200,"22","19","1912",1263
"256","001","44314","68","100","1","2",194,12,"12","04","0","1","1","1912","1","3","02","02","00000",4,"41002","931","3","1","9",7,4,NA,"","","","","",2,4,252600,1,1,505200,"23","19","1912",1263
"257","001","44311","68","100","1","2",194,12,"12","05","0","1","2","1912","1","1","01","02","00000",3,"95111","312","2","1","9",20,20,NA,"","","","","",2,4,66300,1,1,132600,"22","19","1912",331.5
"258","001","44311","68","100","1","2",194,12,"12","05","0","1","2","1912","1","1","02","02","00000",2,"01124","611","1","1","9",432,432,405,"","","","","",2,4,66300,1,1,132600,"21","19","1912",331.5
"259","001","44311","68","100","1","2",194,12,"12","05","0","1","2","1912","1","2","01","02","00000",4,"01124","611","1","1","9",675,675,649,"","","","","",2,4,486200,1,1,972400,"21","19","1912",2431
"260","001","44311","68","100","1","2",194,12,"12","05","0","1","2","1912","1","2","02","02","00000",5,"46301","522","1","1","9",6,276,270,"","","","","",2,4,486200,1,1,972400,"21","19","1912",2431
"261","001","44311","68","100","1","2",194,12,"12","05","0","1","2","1912","1","2","03","02","00000",4,"10305","915","2","1","2",26,26,NA,"","","","","",2,4,486200,1,1,972400,"22","19","1912",2431
"262","001","44311","68","100","1","2",194,12,"12","05","0","1","2","1912","1","2","04","02","00000",3,"01222","611","1","1","9",36,710,675,"","","","","",2,4,486200,1,1,972400,"21","19","1912",2431
"263","001","44311","68","100","1","2",194,12,"12","05","0","1","2","1912","1","3","01","02","00000",7,"25920","932","2","1","9",67,67,47,"","","","","",2,4,232050,1,1,464100,"22","19","1912",1160.25
"264","001","44311","68","100","1","2",194,12,"12","05","0","1","2","1912","1","3","02","02","00000",3,"01124","920","3","1","9",9,9,NA,"","","","","",2,4,232050,1,1,464100,"23","19","1912",1160.25
"265","001","44312","68","100","1","2",194,12,"12","06","0","1","1","1912","1","1","01","02","00000",3,"47594","522","1","1","9",8,NA,NA,"","","","","",2,4,208050,1,1,416100,"21","19","1912",1040.25
"266","001","44312","68","100","1","2",194,12,"12","06","0","1","1","1912","1","1","02","02","00000",7,"31001","712","1","2","9",4,NA,NA,"","","","","",2,4,208050,1,1,416100,"21","19","1912",1040.25
"267","001","44312","68","100","1","2",194,12,"12","06","0","1","1","1912","1","2","01","02","00000",6,"47211","522","1","1","2",20,20,NA,"","","","","",2,4,837675,1,1,1675350,"21","19","1912",4188.375
"268","001","44312","68","100","1","2",194,12,"12","06","0","1","1","1912","1","2","02","02","00000",4,"41002","931","3","2","9",1,1,NA,"","","","","",2,4,837675,1,1,1675350,"23","19","1912",4188.375
"269","001","44312","68","100","1","2",194,12,"12","06","0","1","1","1912","1","2","03","02","00000",3,"49226","933","1","2","9",NA,1,NA,"","","","","",2,4,837675,1,1,1675350,"21","19","1912",4188.375
"270","001","44312","68","100","1","2",194,12,"12","06","0","1","1","1912","1","2","04","02","00000",5,"47212","911","1","2","9",2,2,NA,"","","","","",2,4,837675,1,1,1675350,"21","19","1912",4188.375
"271","001","44312","68","100","1","2",194,12,"12","06","0","1","1","1912","1","3","01","02","00000",2,"97002","512","2","2","9",4,NA,NA,"","","","","",2,4,646050,1,1,1292100,"22","19","1912",3230.25
"272","001","44312","68","100","1","2",194,12,"12","06","0","1","1","1912","1","3","02","02","00000",9,"41002","931","3","2","9",12,12,NA,"","","","","",2,4,646050,1,1,1292100,"23","19","1912",3230.25
"273","001","44366","68","100","1","2",194,12,"12","01","0","2","1","1912","1","1","01","02","00000",3,"","","9","1","9",20,20,NA,"","","","","",2,4,1463700,1,1,2927400,"29","19","1912",7318.5
"274","001","44366","68","100","1","2",194,12,"12","01","0","2","1","1912","1","1","02","02","00000",1,"","","9","1","9",20,20,NA,"","","","","",2,4,1463700,1,1,2927400,"29","19","1912",7318.5
"275","001","44366","68","100","1","2",194,12,"12","01","0","2","1","1912","1","2","01","02","00000",7,"56302","121","1","1","9",6,6,NA,"","","","","",2,4,464100,1,1,928200,"21","19","1912",2320.5
"276","001","44366","68","100","1","2",194,12,"12","01","0","2","1","1912","1","2","02","02","00000",4,"85212","232","1","1","9",20,20,NA,"","","","","",2,4,464100,1,1,928200,"21","19","1912",2320.5
"277","001","44366","68","100","1","2",194,12,"12","01","0","2","1","1912","1","2","03","02","00000",8,"84112","419","2","1","2",23,23,NA,"","","","","",2,4,464100,1,1,928200,"22","19","1912",2320.5
"278","001","44366","68","100","1","2",194,12,"12","01","0","2","1","1912","1","2","04","02","00000",4,"84112","419","2","1","9",133,133,NA,"","","","","",2,4,464100,1,1,928200,"22","19","1912",2320.5
"279","001","44366","68","100","1","2",194,12,"12","01","0","2","1","1912","1","3","01","02","00000",3,"86904","323","2","1","9",20,20,NA,"","","","","",2,4,214200,1,1,428400,"22","19","1912",1071
"280","001","44366","68","100","1","2",194,12,"12","01","0","2","1","1912","1","3","02","02","00000",8,"95210","724","3","1","2",10,10,NA,"","","","","",2,4,214200,1,1,428400,"23","19","1912",1071
"281","001","44365","68","100","1","2",194,12,"12","02","0","2","2","1912","1","1","01","02","00000",3,"84119","412","2","1","9",8,8,NA,"","","","","",2,4,591300,1,1,1182600,"22","19","1912",2956.5
"282","001","44365","68","100","1","2",194,12,"12","02","0","2","2","1912","1","1","02","02","00000",4,"85102","331","2","1","2",26,26,NA,"","","","","",2,4,591300,1,1,1182600,"22","19","1912",2956.5
"283","001","44365","68","100","1","2",194,12,"12","02","0","2","2","1912","1","2","01","02","00000",3,"43221","713","3","1","9",4,4,NA,"","","","","",2,4,197100,1,1,394200,"23","19","1912",985.5
"284","001","44365","68","100","1","2",194,12,"12","02","0","2","2","1912","1","2","02","02","00000",2,"84119","419","2","1","9",47,10,NA,"","","","","",2,4,197100,1,1,394200,"22","19","1912",985.5
"285","001","44365","68","100","1","2",194,12,"12","02","0","2","2","1912","1","2","03","02","00000",4,"66110","411","2","1","9",5,5,NA,"","","","","",2,4,197100,1,1,394200,"22","19","1912",985.5
"286","001","44365","68","100","1","2",194,12,"12","02","0","2","2","1912","1","2","04","02","00000",2,"69100","245","2","1","2",7,7,NA,"","","","","",2,4,197100,1,1,394200,"22","19","1912",985.5
"287","001","44365","68","100","1","2",194,12,"12","02","0","2","2","1912","1","3","01","02","00000",5,"56302","827","1","1","2",4,4,NA,"","","","","",2,4,65700,1,1,131400,"21","19","1912",328.5
"288","001","44365","68","100","1","2",194,12,"12","02","0","2","2","1912","1","3","02","02","00000",5,"14105","743","2","1","9",NA,6,NA,"","","","","",2,4,65700,1,1,131400,"22","19","1912",328.5
"289","001","44363","68","100","1","2",194,12,"12","03","0","2","1","1912","1","1","01","02","00000",1,"13135","743","2","1","9",NA,3,NA,"","","","","",2,4,108000,1,1,216000,"22","19","1912",540
"290","001","44363","68","100","1","2",194,12,"12","03","0","2","1","1912","1","1","02","02","00000",1,"13135","743","2","1","9",5,5,NA,"","","","","",2,4,108000,1,1,216000,"22","19","1912",540
"291","001","44363","68","100","1","2",194,12,"12","03","0","2","1","1912","1","2","01","02","00000",1,"13135","743","2","1","9",NA,2,NA,"","","","","",2,4,486000,1,1,972000,"22","19","1912",2430
"292","001","44363","68","100","1","2",194,12,"12","03","0","2","1","1912","1","2","02","02","00000",6,"13135","743","2","1","9",NA,3,NA,"","","","","",2,4,486000,1,1,972000,"22","19","1912",2430
"293","001","44363","68","100","1","2",194,12,"12","03","0","2","1","1912","1","2","03","02","00000",1,"13135","826","2","1","9",7,7,NA,"","","","","",2,4,486000,1,1,972000,"22","19","1912",2430
"294","001","44363","68","100","1","2",194,12,"12","03","0","2","1","1912","1","2","04","02","00000",4,"13135","743","2","1","9",8,8,NA,"","","","","",2,4,486000,1,1,972000,"22","19","1912",2430
"295","001","44363","68","100","1","2",194,12,"12","03","0","2","1","1912","1","3","01","02","00000",5,"13135","743","2","1","2",NA,2,NA,"","","","","",2,4,97200,1,1,194400,"22","19","1912",486
"296","001","44363","68","100","1","2",194,12,"12","03","0","2","1","1912","1","3","02","02","00000",5,"13135","743","2","1","2",NA,3,NA,"","","","","",2,4,97200,1,1,194400,"22","19","1912",486
"297","001","44360","68","100","1","2",194,12,"12","04","0","2","2","1912","1","1","01","02","00000",2,"13119","826","2","1","9",NA,2,NA,"","","","","",2,4,199975,1,1,399950,"22","19","1912",999.875
"298","001","44360","68","100","1","2",194,12,"12","04","0","2","2","1912","1","1","02","02","00000",2,"13119","723","2","1","9",NA,2,NA,"","","","","",2,4,199975,1,1,399950,"22","19","1912",999.875
"299","001","44360","68","100","1","2",194,12,"12","04","0","2","2","1912","1","2","01","02","00000",4,"13119","723","2","1","2",2,2,NA,"","","","","",2,4,321012,1,1,642025,"22","19","1912",1605.06
"300","001","44360","68","100","1","2",194,12,"12","04","0","2","2","1912","1","2","02","02","00000",1,"13119","723","2","1","9",NA,2,NA,"","","","","",2,4,321012,1,1,642025,"22","19","1912",1605.06
"301","001","44360","68","100","1","2",194,12,"12","04","0","2","2","1912","1","2","03","02","00000",2,"13119","723","2","2","9",NA,2,NA,"","","","","",2,4,321012,1,1,642025,"22","19","1912",1605.06
"302","001","44360","68","100","1","2",194,12,"12","04","0","2","2","1912","1","2","04","02","00000",1,"13119","723","2","1","3",NA,2,NA,"","","","","",2,4,321012,1,1,642025,"22","19","1912",1605.06
"303","001","44360","68","100","1","2",194,12,"12","04","0","2","2","1912","1","3","01","02","00000",8,"13119","724","2","2","3",NA,2,NA,"","","","","",2,4,315750,1,1,631500,"22","19","1912",1578.75
"304","001","44360","68","100","1","2",194,12,"12","04","0","2","2","1912","1","3","02","02","00000",7,"13119","826","2","2","9",NA,2,NA,"","","","","",2,4,315750,1,1,631500,"22","19","1912",1578.75
"305","001","44368","68","100","1","2",194,12,"12","05","0","2","1","1912","1","1","01","02","00000",3,"49110","513","2","1","9",20,20,NA,"","","","","",2,4,143650,1,1,287300,"22","19","1912",718.25
"306","001","44368","68","100","1","2",194,12,"12","05","0","2","1","1912","1","1","02","02","00000",2,"43303","714","3","1","2",10,10,NA,"","","","","",2,4,143650,1,1,287300,"23","19","1912",718.25
"307","001","44368","68","100","1","2",194,12,"12","05","0","2","1","1912","1","2","01","02","00000",6,"31001","714","2","1","9",20,20,NA,"","","","","",2,4,767975,1,1,1535950,"22","19","1912",3839.875
"308","001","44368","68","100","1","2",194,12,"12","05","0","2","1","1912","1","2","02","02","00000",3,"47212","121","1","1","9",10,10,NA,"","","","","",2,4,767975,1,1,1535950,"21","19","1912",3839.875
"309","001","44368","68","100","1","2",194,12,"12","05","0","2","1","1912","1","2","03","02","00000",7,"10712","522","1","2","9",280,280,230,"","","","","",2,4,767975,1,1,1535950,"21","19","1912",3839.875
"310","001","44368","68","100","1","2",194,12,"12","05","0","2","1","1912","1","2","04","02","00000",6,"47211","522","1","1","9",20,20,NA,"","","","","",2,4,767975,1,1,1535950,"21","19","1912",3839.875
"311","001","44368","68","100","1","2",194,12,"12","05","0","2","1","1912","1","3","01","02","00000",6,"16109","620","1","1","2",NA,NA,0,"","","","","",2,4,165750,1,1,331500,"21","19","1912",828.75
"312","001","44368","68","100","1","2",194,12,"12","05","0","2","1","1912","1","3","02","02","00000",4,"97001","913","2","1","9",20,20,NA,"","","","","",2,4,165750,1,1,331500,"22","19","1912",828.75
"313","001","44359","68","100","1","2",194,12,"12","06","0","2","2","1912","1","1","01","02","00000",2,"69100","245","1","1","9",804,804,670,"","","","","",2,4,273750,1,1,547500,"21","19","1912",1368.75
"314","001","44359","68","100","1","2",194,12,"12","06","0","2","2","1912","1","1","02","02","00000",2,"85212","232","2","1","2",NA,6,NA,"","","","","",2,4,273750,1,1,547500,"22","19","1912",1368.75
"315","001","44359","68","100","1","2",194,12,"12","06","0","2","2","1912","1","2","01","02","00000",1,"","","9","1","9",5,5,NA,"","","","","",2,4,651525,1,1,1303050,"29","19","1912",3257.625
"316","001","44359","68","100","1","2",194,12,"12","06","0","2","2","1912","1","2","02","02","00000",4,"13119","932","2","1","2",NA,2,NA,"","","","","",2,4,651525,1,1,1303050,"22","19","1912",3257.625
"317","001","44359","68","100","1","2",194,12,"12","06","0","2","2","1912","1","2","03","02","00000",1,"","","9","1","9",NA,3,NA,"","","","","",2,4,651525,1,1,1303050,"29","19","1912",3257.625
"318","001","44359","68","100","1","2",194,12,"12","06","0","2","2","1912","1","2","04","02","00000",7,"47230","522","1","1","2",33,33,NA,"","","","","",2,4,651525,1,1,1303050,"21","19","1912",3257.625
"319","001","44359","68","100","1","2",194,12,"12","06","0","2","2","1912","1","3","01","02","00000",5,"47211","522","1","1","2",9,6,NA,"","","","","",2,4,153300,1,1,306600,"21","19","1912",766.5
"320","001","44359","68","100","1","2",194,12,"12","06","0","2","2","1912","1","3","02","02","00000",9,"56301","122","2","1","2",20,20,NA,"","","","","",2,4,153300,1,1,306600,"22","19","1912",766.5
"321","001","44307","68","100","1","2",194,12,"12","01","0","3","2","1912","1","1","01","02","00000",8,"84230","516","2","1","3",47,47,NA,"","","","","",2,4,357000,1,1,714000,"22","19","1912",1785
"322","001","44307","68","100","1","2",194,12,"12","01","0","3","2","1912","1","1","02","02","00000",4,"85491","233","2","1","9",34,34,NA,"","","","","",2,4,357000,1,1,714000,"22","19","1912",1785
"323","001","44307","68","100","1","2",194,12,"12","01","0","3","2","1912","1","2","01","02","00000",3,"80100","516","2","1","9",10,10,NA,"","","","","",2,4,553350,1,1,1106700,"22","19","1912",2766.75
"324","001","44307","68","100","1","2",194,12,"12","01","0","3","2","1912","1","2","02","02","00000",4,"85491","233","1","1","9",26,26,NA,"","","","","",2,4,553350,1,1,1106700,"21","19","1912",2766.75
"325","001","44307","68","100","1","2",194,12,"12","01","0","3","2","1912","1","2","03","02","00000",8,"","522","9","1","9",34,34,NA,"","","","","",2,4,553350,1,1,1106700,"29","19","1912",2766.75
"326","001","44307","68","100","1","2",194,12,"12","01","0","3","2","1912","1","2","04","02","00000",3,"","","9","1","9",10,10,NA,"","","","","",2,4,553350,1,1,1106700,"29","19","1912",2766.75
"327","001","44307","68","100","1","2",194,12,"12","01","0","3","2","1912","1","3","01","02","00000",5,"84112","","1","1","9",NA,6,NA,"","","","","",2,4,59500,1,1,119000,"21","19","1912",297.5
"328","001","44307","68","100","1","2",194,12,"12","01","0","3","2","1912","1","3","02","02","00000",2,"41001","712","1","1","9",7,7,NA,"","","","","",2,4,59500,1,1,119000,"21","19","1912",297.5
"329","001","44304","68","100","1","2",194,12,"12","02","0","3","1","1912","1","1","01","02","00000",1,"70200","241","2","1","9",NA,15,NA,"","","","","",2,4,120450,1,1,240900,"22","19","1912",602.25
"330","001","44304","68","100","1","2",194,12,"12","02","0","3","1","1912","1","1","02","02","00000",3,"27400","713","2","1","9",NA,15,NA,"","","","","",2,4,120450,1,1,240900,"22","19","1912",602.25
"331","001","44304","68","100","1","2",194,12,"12","02","0","3","1","1912","1","2","01","02","00000",6,"23103","732","3","1","9",17,17,NA,"","","","","",2,4,481800,1,1,963600,"23","19","1912",2409
"332","001","44304","68","100","1","2",194,12,"12","02","0","3","1","1912","1","2","02","02","00000",1,"13119","743","2","1","9",33,2,NA,"","","","","",2,4,481800,1,1,963600,"22","19","1912",2409
"333","001","44304","68","100","1","2",194,12,"12","02","0","3","1","1912","1","2","03","02","00000",4,"69201","412","2","1","9",NA,2,NA,"","","","","",2,4,481800,1,1,963600,"22","19","1912",2409
"334","001","44304","68","100","1","2",194,12,"12","02","0","3","1","1912","1","2","04","02","00000",1,"47990","522","1","1","2",10,10,NA,"","","","","",2,4,481800,1,1,963600,"21","19","1912",2409
"335","001","44304","68","100","1","2",194,12,"12","02","0","3","1","1912","1","3","01","02","00000",5,"13119","743","2","1","9",NA,7,NA,"","","","","",2,4,43800,1,1,87600,"22","19","1912",219
"336","001","44304","68","100","1","2",194,12,"12","02","0","3","1","1912","1","3","02","02","00000",4,"41002","712","1","1","9",NA,2,NA,"","","","","",2,4,43800,1,1,87600,"21","19","1912",219
"337","001","44301","68","100","1","2",194,12,"12","03","0","3","2","1912","1","1","01","02","00000",2,"85211","232","2","1","9",12,12,NA,"","","","","",2,4,226800,1,1,453600,"22","19","1912",1134
"338","001","44301","68","100","1","2",194,12,"12","03","0","3","2","1912","1","1","02","02","00000",3,"14105","121","1","1","2",18,18,NA,"","","","","",2,4,226800,1,1,453600,"21","19","1912",1134
"339","001","44301","68","100","1","2",194,12,"12","03","0","3","2","1912","1","2","01","02","00000",3,"85491","233","1","1","9",13,13,NA,"","","","","",2,4,97200,1,1,194400,"21","19","1912",486
"340","001","44301","68","100","1","2",194,12,"12","03","0","3","2","1912","1","2","02","02","00000",5,"68200","121","1","1","9",20,20,NA,"","","","","",2,4,97200,1,1,194400,"21","19","1912",486
"341","001","44301","68","100","1","2",194,12,"12","03","0","3","2","1912","1","2","03","02","00000",1,"59141","313","2","1","9",NA,1,NA,"","","","","",2,4,97200,1,1,194400,"22","19","1912",486
"342","001","44301","68","100","1","2",194,12,"12","03","0","3","2","1912","1","2","04","02","00000",1,"56101","121","1","1","9",NA,6,NA,"","","","","",2,4,97200,1,1,194400,"21","19","1912",486
"343","001","44301","68","100","1","2",194,12,"12","03","0","3","2","1912","1","3","01","02","00000",1,"","","9","1","9",4,4,NA,"","","","","",2,4,21600,1,1,43200,"29","19","1912",108
"344","001","44301","68","100","1","2",194,12,"12","03","0","3","2","1912","1","3","02","02","00000",3,"41001","713","2","1","9",7,7,NA,"","","","","",2,4,21600,1,1,43200,"22","19","1912",108
"345","001","44302","68","100","1","2",194,12,"12","04","0","3","1","1912","1","1","01","02","00000",3,"","","9","1","9",20,20,NA,"","","","","",2,4,126300,1,1,252600,"29","19","1912",631.5
"346","001","44302","68","100","1","2",194,12,"12","04","0","3","1","1912","1","1","02","02","00000",3,"85212","232","2","1","2",20,20,NA,"","","","","",2,4,126300,1,1,252600,"22","19","1912",631.5
"347","001","44302","68","100","1","2",194,12,"12","04","0","3","1","1912","1","2","01","02","00000",2,"13135","915","2","1","9",10,10,NA,"","","","","",2,4,278912,1,1,557825,"22","19","1912",1394.56
"348","001","44302","68","100","1","2",194,12,"12","04","0","3","1","1912","1","2","02","02","00000",4,"47212","522","1","1","9",13,13,NA,"","","","","",2,4,278912,1,1,557825,"21","19","1912",1394.56
"349","001","44302","68","100","1","2",194,12,"12","04","0","3","1","1912","1","2","03","02","00000",4,"47214","911","1","1","9",10,10,NA,"","","","","",2,4,278912,1,1,557825,"21","19","1912",1394.56
"350","001","44302","68","100","1","2",194,12,"12","04","0","3","1","1912","1","2","04","02","00000",3,"65120","241","2","1","9",10,10,NA,"","","","","",2,4,278912,1,1,557825,"22","19","1912",1394.56
"351","001","44302","68","100","1","2",194,12,"12","04","0","3","1","1912","1","3","01","02","00000",4,"41002","714","3","1","2",NA,7,NA,"","","","","",2,4,105250,1,1,210500,"23","19","1912",526.25
"352","001","44302","68","100","1","2",194,12,"12","04","0","3","1","1912","1","3","02","02","00000",4,"03121","615","3","1","2",NA,6,NA,"","","","","",2,4,105250,1,1,210500,"23","19","1912",526.25
"353","001","44306","68","100","1","2",194,12,"12","05","0","3","2","1912","1","1","01","02","00000",5,"","","9","1","9",15,15,NA,"","","","","",2,4,640900,1,1,1281800,"29","19","1912",3204.5
"354","001","44306","68","100","1","2",194,12,"12","05","0","3","2","1912","1","1","02","02","00000",2,"","","9","1","9",15,15,NA,"","","","","",2,4,640900,1,1,1281800,"29","19","1912",3204.5
"355","001","44306","68","100","1","2",194,12,"12","05","0","3","2","1912","1","2","01","02","00000",7,"47211","522","1","1","9",15,1450,1435,"","","","","",2,4,613275,1,1,1226550,"21","19","1912",3066.375
"356","001","44306","68","100","1","2",194,12,"12","05","0","3","2","1912","1","2","02","02","00000",3,"01221","611","1","1","2",10,1359,1349,"","","","","",2,4,613275,1,1,1226550,"21","19","1912",3066.375
"357","001","44306","68","100","1","2",194,12,"12","05","0","3","2","1912","1","2","03","02","00000",5,"10614","827","1","1","9",12,12,NA,"","","","","",2,4,613275,1,1,1226550,"21","19","1912",3066.375
"358","001","44306","68","100","1","2",194,12,"12","05","0","3","2","1912","1","2","04","02","00000",2,"14105","743","1","1","9",15,15,NA,"","","","","",2,4,613275,1,1,1226550,"21","19","1912",3066.375
"359","001","44306","68","100","1","2",194,12,"12","05","0","3","2","1912","1","3","01","02","00000",3,"41001","714","3","1","9",15,15,NA,"","","","","",2,4,154700,1,1,309400,"23","19","1912",773.5
"360","001","44306","68","100","1","2",194,12,"12","05","0","3","2","1912","1","3","02","02","00000",5,"14105","743","1","1","9",14,14,NA,"","","","","",2,4,154700,1,1,309400,"21","19","1912",773.5
"361","001","44305","68","100","1","2",194,12,"12","06","0","3","1","1912","1","1","01","02","00000",4,"84119","112","2","1","2",25,25,NA,"","","","","",2,4,219000,1,1,438000,"22","19","1912",1095
"362","001","44305","68","100","1","2",194,12,"12","06","0","3","1","1912","1","1","02","02","00000",2,"","","9","1","2",20,20,NA,"","","","","",2,4,219000,1,1,438000,"29","19","1912",1095
"363","001","44305","68","100","1","2",194,12,"12","06","0","3","1","1912","1","2","01","02","00000",3,"84119","516","2","1","2",10,10,NA,"","","","","",2,4,136875,1,1,273750,"22","19","1912",684.375
"364","001","44305","68","100","1","2",194,12,"12","06","0","3","1","1912","1","2","02","02","00000",4,"47211","522","2","1","2",15,15,NA,"","","","","",2,4,136875,1,1,273750,"22","19","1912",684.375
"365","001","44305","68","100","1","2",194,12,"12","06","0","3","1","1912","1","2","03","02","00000",4,"13992","743","1","1","2",15,15,NA,"","","","","",2,4,136875,1,1,273750,"21","19","1912",684.375
"366","001","44305","68","100","1","2",194,12,"12","06","0","3","1","1912","1","2","04","02","00000",3,"64110","412","2","1","2",6,6,NA,"","","","","",2,4,136875,1,1,273750,"22","19","1912",684.375
"367","001","44305","68","100","1","2",194,12,"12","06","0","3","1","1912","1","3","01","02","00000",4,"85491","233","1","1","2",10,10,NA,"","","","","",2,4,32850,1,1,65700,"21","19","1912",164.25
"368","001","44305","68","100","1","2",194,12,"12","06","0","3","1","1912","1","3","02","02","00000",9,"47711","522","1","1","9",15,15,NA,"","","","","",2,4,32850,1,1,65700,"21","19","1912",164.25
"369","001","44093","68","100","1","2",194,12,"12","01","0","4","1","1912","1","1","01","02","00000",2,"","","9","1","9",10,10,NA,"","","","","",2,4,119000,1,1,238000,"29","19","1912",595
"370","001","44093","68","100","1","2",194,12,"12","01","0","4","1","1912","1","1","02","02","00000",1,"","","9","1","9",30,30,NA,"","","","","",2,4,119000,1,1,238000,"29","19","1912",595
"371","001","44093","68","100","1","2",194,12,"12","01","0","4","1","1912","1","2","01","02","00000",4,"47521","522","1","1","9",80,80,NA,"","","","","",2,4,243950,1,1,487900,"21","19","1912",1219.75
"372","001","44093","68","100","1","2",194,12,"12","01","0","4","1","1912","1","2","02","02","00000",4,"84119","322","2","1","9",11,11,NA,"","","","","",2,4,243950,1,1,487900,"22","19","1912",1219.75
"373","001","44093","68","100","1","2",194,12,"12","01","0","4","1","1912","1","2","03","02","00000",9,"65110","419","2","1","9",268,268,234,"","","","","",2,4,243950,1,1,487900,"22","19","1912",1219.75
"374","001","44093","68","100","1","2",194,12,"12","01","0","4","1","1912","1","2","04","02","00000",4,"64990","412","2","1","9",93,93,60,"","","","","",2,4,243950,1,1,487900,"22","19","1912",1219.75
"375","001","44093","68","100","1","2",194,12,"12","01","0","4","1","1912","1","3","01","02","00000",5,"13129","241","2","1","9",220,220,200,"","","","","",2,4,83300,1,1,166600,"22","19","1912",416.5
"376","001","44093","68","100","1","2",194,12,"12","01","0","4","1","1912","1","3","02","02","00000",1,"","","9","1","9",10,10,NA,"","","","","",2,4,83300,1,1,166600,"29","19","1912",416.5
"377","001","44090","68","100","1","2",194,12,"12","02","0","4","2","1912","1","1","01","02","00000",3,"66302","419","2","1","9",10,10,NA,"","","","","",2,4,416100,1,1,832200,"22","19","1912",2080.5
"378","001","44090","68","100","1","2",194,12,"12","02","0","4","2","1912","1","1","02","02","00000",4,"35102","311","2","1","3",11,11,NA,"","","","","",2,4,416100,1,1,832200,"22","19","1912",2080.5
"379","001","44090","68","100","1","2",194,12,"12","02","0","4","2","1912","1","2","01","02","00000",3,"47711","522","2","1","9",NA,10,NA,"","","","","",2,4,531075,1,1,1062150,"22","19","1912",2655.375
"380","001","44090","68","100","1","2",194,12,"12","02","0","4","2","1912","1","2","02","02","00000",4,"64191","513","2","1","9",5,5,NA,"","","","","",2,4,531075,1,1,1062150,"22","19","1912",2655.375
"381","001","44090","68","100","1","2",194,12,"12","02","0","4","2","1912","1","2","03","02","00000",4,"26202","213","2","1","9",26,26,NA,"","","","","",2,4,531075,1,1,1062150,"22","19","1912",2655.375
"382","001","44090","68","100","1","2",194,12,"12","02","0","4","2","1912","1","2","04","02","00000",5,"32901","932","3","1","9",NA,7,NA,"","","","","",2,4,531075,1,1,1062150,"23","19","1912",2655.375
"383","001","44090","68","100","1","2",194,12,"12","02","0","4","2","1912","1","3","01","02","00000",4,"32111","731","2","1","9",NA,7,NA,"","","","","",2,4,153300,1,1,306600,"22","19","1912",766.5
"384","001","44090","68","100","1","2",194,12,"12","02","0","4","2","1912","1","3","02","02","00000",5,"49226","933","1","1","9",NA,1,NA,"","","","","",2,4,153300,1,1,306600,"21","19","1912",766.5
"385","001","44098","68","100","1","2",194,12,"12","03","0","4","1","1912","1","1","01","02","00000",3,"61101","414","2","1","9",9,9,NA,"","","","","",2,4,378000,1,1,756000,"22","19","1912",1890
"386","001","44098","68","100","1","2",194,12,"12","03","0","4","1","1912","1","1","02","02","00000",3,"84119","241","2","1","9",13,13,NA,"","","","","",2,4,378000,1,1,756000,"22","19","1912",1890
"387","001","44098","68","100","1","2",194,12,"12","03","0","4","1","1912","1","2","01","02","00000",10,"64199","122","2","1","9",14,14,NA,"","","","","",2,4,901800,1,1,1803600,"22","19","1912",4509
"388","001","44098","68","100","1","2",194,12,"12","03","0","4","1","1912","1","2","02","02","00000",4,"85420","233","1","1","9",13,13,NA,"","","","","",2,4,901800,1,1,1803600,"21","19","1912",4509
"389","001","44098","68","100","1","2",194,12,"12","03","0","4","1","1912","1","2","03","02","00000",2,"97001","913","2","1","9",13,13,NA,"","","","","",2,4,901800,1,1,1803600,"22","19","1912",4509
"390","001","44098","68","100","1","2",194,12,"12","03","0","4","1","1912","1","2","04","02","00000",3,"46101","522","2","1","9",15,15,NA,"","","","","",2,4,901800,1,1,1803600,"22","19","1912",4509
"391","001","44098","68","100","1","2",194,12,"12","03","0","4","1","1912","1","3","01","02","00000",4,"49226","933","1","1","9",10,10,NA,"","","","","",2,4,64800,1,1,129600,"21","19","1912",324
"392","001","44098","68","100","1","2",194,12,"12","03","0","4","1","1912","1","3","02","02","00000",4,"47215","911","1","1","9",7,7,NA,"","","","","",2,4,64800,1,1,129600,"21","19","1912",324
"393","001","44079","68","100","1","2",194,12,"12","04","0","4","2","1912","1","1","01","02","00000",2,"","","9","1","9",12,12,NA,"","","","","",2,4,315750,1,1,631500,"29","19","1912",1578.75
"394","001","44079","68","100","1","2",194,12,"12","04","0","4","2","1912","1","1","02","02","00000",2,"49110","419","2","1","9",14,14,0,"","","","","",2,4,315750,1,1,631500,"22","19","1912",1578.75
"395","001","44079","68","100","1","2",194,12,"12","04","0","4","2","1912","1","2","01","02","00000",2,"47211","522","1","1","1",134,134,NA,"","","","","",2,4,331538,1,1,663075,"21","19","1912",1657.69
"396","001","44079","68","100","1","2",194,12,"12","04","0","4","2","1912","1","2","02","02","00000",2,"","","9","1","9",21,21,NA,"","","","","",2,4,331538,1,1,663075,"29","19","1912",1657.69
"397","001","44079","68","100","1","2",194,12,"12","04","0","4","2","1912","1","2","03","02","00000",7,"85491","241","1","1","9",15,15,NA,"","","","","",2,4,331538,1,1,663075,"21","19","1912",1657.69
"398","001","44079","68","100","1","2",194,12,"12","04","0","4","2","1912","1","2","04","02","00000",4,"66220","341","1","1","9",268,268,NA,"","","","","",2,4,331538,1,1,663075,"21","19","1912",1657.69
"399","001","44079","68","100","1","2",194,12,"12","04","0","4","2","1912","1","3","01","02","00000",3,"85491","241","1","1","9",146,146,0,"","","","","",2,4,21050,1,1,42100,"21","19","1912",105.25
"400","001","44079","68","100","1","2",194,12,"12","04","0","4","2","1912","1","3","02","02","00000",5,"47711","522","1","1","9",3,3,0,"","","","","",2,4,21050,1,1,42100,"21","19","1912",105.25
"401","001","44077","68","100","1","2",194,12,"12","05","0","4","1","1912","1","1","01","02","00000",2,"","","9","1","9",13,13,NA,"","","","","",2,4,132600,1,1,265200,"29","19","1912",663
"402","001","44077","68","100","1","2",194,12,"12","05","0","4","1","1912","1","1","02","02","00000",3,"84119","412","2","1","9",13,NA,NA,"","","","","",2,4,132600,1,1,265200,"22","19","1912",663
"403","001","44077","68","100","1","2",194,12,"12","05","0","4","1","1912","1","2","01","02","00000",2,"01412","911","1","2","9",NA,2,NA,"","","","","",2,4,1093950,1,1,2187900,"21","19","1912",5469.75
"404","001","44077","68","100","1","2",194,12,"12","05","0","4","1","1912","1","2","02","02","00000",5,"13119","933","3","2","9",NA,1,NA,"","","","","",2,4,1093950,1,1,2187900,"23","19","1912",5469.75
"405","001","44077","68","100","1","2",194,12,"12","05","0","4","1","1912","1","2","03","02","00000",2,"","","9","1","9",14,14,NA,"","","","","",2,4,1093950,1,1,2187900,"29","19","1912",5469.75
"406","001","44077","68","100","1","2",194,12,"12","05","0","4","1","1912","1","2","04","02","00000",6,"13121","743","2","2","9",NA,6,NA,"","","","","",2,4,1093950,1,1,2187900,"22","19","1912",5469.75
"407","001","44077","68","100","1","2",194,12,"12","05","0","4","1","1912","1","3","01","02","00000",3,"43211","713","1","1","9",8,8,NA,"","","","","",2,4,22100,1,1,44200,"21","19","1912",110.5
"408","001","44077","68","100","1","2",194,12,"12","05","0","4","1","1912","1","3","02","02","00000",5,"","","9","1","9",NA,7,NA,"","","","","",2,4,22100,1,1,44200,"29","19","1912",110.5
"409","001","44074","68","100","1","2",194,12,"12","06","0","4","2","1912","1","1","01","02","00000",2,"86100","322","2","1","9",56,66,NA,"","","","","",2,4,700800,1,1,1401600,"22","19","1912",3504
"410","001","44074","68","100","1","2",194,12,"12","06","0","4","2","1912","1","1","02","02","00000",5,"85211","232","2","1","9",NA,13,NA,"","","","","",2,4,700800,1,1,1401600,"22","19","1912",3504
"411","001","44074","68","100","1","2",194,12,"12","06","0","4","2","1912","1","2","01","02","00000",4,"86100","916","2","1","2",NA,3,NA,"","","","","",2,4,613200,1,1,1226400,"22","19","1912",3066
"412","001","44074","68","100","1","2",194,12,"12","06","0","4","2","1912","1","2","02","02","00000",3,"56101","512","2","1","9",NA,6,NA,"","","","","",2,4,613200,1,1,1226400,"22","19","1912",3066
"413","001","44074","68","100","1","2",194,12,"12","06","0","4","2","1912","1","2","03","02","00000",7,"32111","731","1","1","9",17,17,NA,"","","","","",2,4,613200,1,1,1226400,"21","19","1912",3066
"414","001","44074","68","100","1","2",194,12,"12","06","0","4","2","1912","1","2","04","02","00000",5,"84119","916","2","1","2",NA,10,NA,"","","","","",2,4,613200,1,1,1226400,"22","19","1912",3066
"415","001","44074","68","100","1","2",194,12,"12","06","0","4","2","1912","1","3","01","02","00000",4,"86100","323","3","1","2",NA,4,NA,"","","","","",2,4,219000,1,1,438000,"23","19","1912",1095
"416","001","44074","68","100","1","2",194,12,"12","06","0","4","2","1912","1","3","02","02","00000",4,"86905","221","2","1","2",NA,5,NA,"","","","","",2,4,219000,1,1,438000,"22","19","1912",1095
